Señor,Pako,Makako Gómez,666666666,29001,pako@makako.com,http://www.makakoenterprises.com/,erpako,"Pachul0y0.",2020-10-01
Señora,Paqui,Makaki Martin,777777777,29002,paqui@makako.com,http://www.makakoenterprises.com/,lapaqui,"Pachul0el;",2020-10-02
Doctor,Juan,Martínez Fernández,612345678,30004,juan.martinez@example.com,https://juanfernandez.com,juanito,"C0mplej@p@ss,",2023-05-20
Señora,Lucía,Gómez López,622334455,41001,lucia.gomez@example.es,http://luciasite.com,luciita,"$LuCiaP4ss",2021-12-15
Señor,Carlos,Rodríguez Pérez,632556677,08003,carlos.rp@makako.com,https://carlosblog.org/cv,carlosrp,"Contr4&Segura",2020-07-30
Doctor,Ana,Vega Torres,642678901,11002,ana.vega@hospital.com,,drana,"Ana4*Secure;",2022-11-11
Señora,Marta,Jiménez Ruiz,652345678,28005,marta.jimenez@empresa.org,http://www.martajimenez.com,martajr,"Martita2022!",2020-03-02
Señor,Pedro,Sánchez Vázquez,672334567,15001,pedro.sv@gmail.com,http://pedrosanchez.com,psanchez,"P3dr0*S&;",2023-01-18
Doctor,María,Campos García,682445566,12006,maria.campos@clinic.es,,mcgarcia,"Garcia%2020,",2021-08-05
Señor,Roberto,Pérez López,692112233,32001,roberto.perez@gmail.com,http://www.robertoperez.com,rperez,"P3rez/1234",2022-10-01
